<doxygenlayout version="1.0">
  <!-- Navigation index tabs for HTML output -->
  <navindex>
    <tab type="mainpage" visible="yes" title="" />
    <tab type="usergroup" visible="yes" title="Tutorials">
      <tab type="user" url="\ref installing" visible="yes" title="Installation"/>
      <tab type="user" url="\ref using_on_linux" visible="yes" title="Using on Linux"/>
      <tab type="user" url="\ref using_on_windows" visible="yes" title="Using on Windows"/>
      <tab type="user" url="\ref using_on_osx" visible="yes" title="Using on OSX"/>
      <tab type="user" url="\ref gettingstarted" visible="yes" title="Getting Started"/>
      <tab type="user" url="\ref vectorization" visible="yes" title="Introduction to Vectorization"/>
      <tab type="user" url="\ref matrixmanipulation" visible="yes" title="Array and Matrix Manipulation"/>
      <tab type="user" url="\ref interop_cuda" visible="yes" title="CUDA Interoperability"/>
      <tab type="user" url="\ref interop_opencl" visible="yes" title="OpenCL Interoperability"/>
      <tab type="user" url="\ref unifiedbackend" visible="yes" title="Unified Backend"/>
      <tab type="user" url="\ref forge_visualization" visible="yes" title="Forge Visualization"/>
      <tab type="user" url="\ref indexing" visible="yes" title="Indexing"/>
      <tab type="user" url="\ref timing" visible="yes" title="Timing ArrayFire"/>
      <tab type="user" url="\ref configuring_environment" visible="yes" title="Configuring ArrayFire Environment"/>
      <tab type="usergroup" url="\ref page_gfor" visible="yes" title="GFOR Usage"/>
    </tab>
    <tab type="modules" visible="yes" title="Functions" intro="Documentation grouped according to category:"/>
    <tab type="user" url="\ref releasenotes" visible="yes" title="Release Notes"/>
    <tab type="examples" visible="yes" title="" intro=""/>
  </navindex>

  <!-- Layout definition for a class page -->
  <class>
    <briefdescription visible="yes"/>
    <includes visible="$SHOW_INCLUDE_FILES"/>
    <inheritancegraph visible="$CLASS_GRAPH"/>
    <collaborationgraph visible="$COLLABORATION_GRAPH"/>
    <allmemberslink visible="yes"/>
    <memberdecl>
      <nestedclasses visible="yes" title=""/>
      <publictypes title=""/>
      <publicslots title=""/>
      <signals title=""/>
      <publicmethods title=""/>
      <publicstaticmethods title=""/>
      <publicattributes title=""/>
      <publicstaticattributes title=""/>
      <protectedtypes title=""/>
      <protectedslots title=""/>
      <protectedmethods title=""/>
      <protectedstaticmethods title=""/>
      <protectedattributes title=""/>
      <protectedstaticattributes title=""/>
      <packagetypes title=""/>
      <packagemethods title=""/>
      <packagestaticmethods title=""/>
      <packageattributes title=""/>
      <packagestaticattributes title=""/>
      <properties title=""/>
      <events title=""/>
      <privatetypes title=""/>
      <privateslots title=""/>
      <privatemethods title=""/>
      <privatestaticmethods title=""/>
      <privateattributes title=""/>
      <privatestaticattributes title=""/>
      <friends title=""/>
      <related title="" subtitle=""/>
      <membergroups visible="yes"/>
    </memberdecl>
    <detaileddescription title=""/>
    <memberdef>
      <typedefs title=""/>
      <enums title=""/>
      <constructors title=""/>
      <functions title=""/>
      <related title=""/>
      <variables title=""/>
      <properties title=""/>
      <events title=""/>
    </memberdef>
    <usedfiles visible="$SHOW_USED_FILES"/>
    <authorsection visible="yes"/>
  </class>

  <!-- Layout definition for a namespace page -->
  <namespace>
    <briefdescription visible="yes"/>
    <memberdecl>
      <nestednamespaces visible="yes" title=""/>
      <classes visible="yes" title=""/>
      <typedefs title=""/>
      <enums title=""/>
      <functions title=""/>
      <variables title=""/>
      <membergroups visible="yes"/>
    </memberdecl>
    <detaileddescription title=""/>
    <memberdef>
      <typedefs title=""/>
      <enums title=""/>
      <functions title=""/>
      <variables title=""/>
    </memberdef>
    <authorsection visible="yes"/>
  </namespace>

  <!-- Layout definition for a file page -->
  <file>
    <briefdescription visible="yes"/>
    <includes visible="$SHOW_INCLUDE_FILES"/>
    <includegraph visible="$INCLUDE_GRAPH"/>
    <includedbygraph visible="$INCLUDED_BY_GRAPH"/>
    <sourcelink visible="yes"/>
    <memberdecl>
      <classes visible="yes" title=""/>
      <namespaces visible="yes" title=""/>
      <defines title=""/>
      <typedefs title=""/>
      <enums title=""/>
      <functions title=""/>
      <variables title=""/>
      <membergroups visible="yes"/>
    </memberdecl>
    <detaileddescription title=""/>
    <memberdef>
      <defines title=""/>
      <typedefs title=""/>
      <enums title=""/>
      <functions title=""/>
      <variables title=""/>
    </memberdef>
    <authorsection/>
  </file>

  <!-- Layout definition for a group page -->
  <group>
    <briefdescription visible="yes"/>
    <groupgraph visible="$GROUP_GRAPHS"/>
    <memberdecl>
      <classes visible="yes" title=""/>
      <namespaces visible="yes" title=""/>
      <dirs visible="yes" title=""/>
      <nestedgroups visible="yes" title=""/>
      <files visible="yes" title=""/>
      <defines title=""/>
      <typedefs title=""/>
      <enums title=""/>
      <enumvalues title=""/>
      <functions title=""/>
      <variables title=""/>
      <signals title=""/>
      <publicslots title=""/>
      <protectedslots title=""/>
      <privateslots title=""/>
      <events title=""/>
      <properties title=""/>
      <friends title=""/>
      <membergroups visible="yes"/>
    </memberdecl>
    <detaileddescription title=""/>
    <memberdef>
      <pagedocs/>
      <defines title=""/>
      <typedefs title=""/>
      <enums title=""/>
      <enumvalues title=""/>
      <functions title=""/>
      <variables title=""/>
      <signals title=""/>
      <publicslots title=""/>
      <protectedslots title=""/>
      <privateslots title=""/>
      <events title=""/>
      <properties title=""/>
      <friends title=""/>
    </memberdef>
    <authorsection visible="yes"/>
  </group>

  <!-- Layout definition for a directory page -->
  <directory>
    <briefdescription visible="yes"/>
    <directorygraph visible="yes"/>
    <memberdecl>
      <dirs visible="yes"/>
      <files visible="yes"/>
    </memberdecl>
    <detaileddescription title=""/>
  </directory>
</doxygenlayout>
